Redirect from,Redirect to
/blogs/the-roll-your-own-papers-blog/how-to-grind-weed-if-you-dont-have-a-grinder-10-clever-hacks,/collections/custom-grinders
/blogs/the-roll-your-own-papers-blog/where-to-buy-pre-rolls-near-me-your-ultimate-guide,/collections/custom-pre-rolled-cones
/blogs/the-roll-your-own-papers-blog/can-you-use-seaweed-as-rolling-paper,/collections/custom-rolling-papers
/blogs/the-roll-your-own-papers-blog/where-to-buy-a-weed-grinder-your-ultimate-guide-for-2026,/collections/custom-grinders
/blogs/the-roll-your-own-papers-blog/how-to-make-a-joint-without-rolling-paper,/collections/custom-rolling-papers
/blogs/the-roll-your-own-papers-blog/how-to-enjoy-weed-without-bong-or-rolling-paper-15-creative-methods-that-actually-work,/collections/custom-rolling-papers
/blogs/the-roll-your-own-papers-blog/where-can-i-buy-a-rolling-tray-your-complete-2026-shopping-guide,/collections/custom-rolling-trays
/blogs/the-roll-your-own-papers-blog/how-to-clean-a-weed-grinder-with-hot-water-easy-steps-for-a-spotless-tool,/collections/custom-grinders
/blogs/the-roll-your-own-papers-blog/how-to-clean-herb-grinder-easy-steps-for-a-sparkly-clean-tool,/collections/custom-grinders
/blogs/the-roll-your-own-papers-blog/the-ultimate-guide-to-marijuana-accessories-in-2026,/collections/custom-rolling-papers
/blogs/the-roll-your-own-papers-blog/when-will-pre-rolls-be-available-in-ohio-your-2025-guide-to-the-hottest-roll-up-trend,/collections/custom-pre-rolled-cones
/blogs/the-roll-your-own-papers-blog/can-you-use-a-spice-grinder-for-weed-the-real-scoop,/collections/custom-grinders
/blogs/the-roll-your-own-papers-blog/how-big-is-a-rolling-tray-your-complete-size-guide-2025,/collections/custom-rolling-trays
/blogs/the-roll-your-own-papers-blog/what-is-the-best-weed-grinder-ultimate-2026-guide,/collections/custom-grinders
/blogs/the-roll-your-own-papers-blog/how-to-clean-a-metal-rolling-tray-the-ultimate-step-by-step-guide,/collections/custom-rolling-trays
/blogs/the-roll-your-own-papers-blog/what-is-the-weed-at-the-bottom-of-a-grinder-called-your-chill-guide-to-that-golden-dust,/collections/custom-grinders
/blogs/the-roll-your-own-papers-blog/how-to-grind-weed-without-a-grinder-10-clever-diy-methods,/collections/custom-grinders
/blogs/the-roll-your-own-papers-blog/why-use-a-rolling-tray-the-complete-guide,/collections/custom-rolling-trays
/blogs/the-roll-your-own-papers-blog/how-to-grind-up-sticky-weed-without-a-grinder,/collections/custom-grinders
/blogs/the-roll-your-own-papers-blog/how-old-do-you-have-to-be-to-buy-a-rolling-tray-age-laws-faqs-2025,/collections/custom-rolling-trays
/blogs/the-roll-your-own-papers-blog/can-you-use-toilet-paper-as-rolling-paper-2025-guide,/collections/custom-rolling-papers
/blogs/the-roll-your-own-papers-blog/how-much-is-a-dime-bag-of-weed-the-2025-complete-guide,/collections/custom-weed-bags
/blogs/the-roll-your-own-papers-blog/what-if-tsa-finds-weed-in-my-bag-the-real-deal-on-flying-with-your-stash,/collections/custom-weed-bags
/blogs/the-roll-your-own-papers-blog/where-to-buy-pre-rolls-your-complete-2025-buying-guide,/collections/custom-pre-rolled-cones
/blogs/the-roll-your-own-papers-blog/how-does-a-weed-grinder-work-the-complete-guide-youve-been-looking-for,/collections/custom-grinders
/blogs/the-roll-your-own-papers-blog/what-can-i-use-as-rolling-paper-15-safe-and-creative-alternatives-you-can-try,/collections/custom-rolling-papers
/blogs/the-roll-your-own-papers-blog/how-to-use-glass-filter-tips-2025-guide,/collections/custom-joint-tips
/blogs/the-roll-your-own-papers-blog/how-to-make-rolling-paper-at-home-the-ultimate-diy-guide,/collections/custom-rolling-papers
/blogs/the-roll-your-own-papers-blog/how-to-use-glass-tips-for-blunts-the-ultimate-2025-guide,/collections/custom-joint-tips
/blogs/the-roll-your-own-papers-blog/how-to-clean-weed-grinder-fast-safe-and-like-new,/collections/custom-grinders
/blogs/the-roll-your-own-papers-blog/how-much-is-a-rolling-tray-in-2025-a-friendly-guide-to-prices-materials-creative-uses,/collections/custom-rolling-trays
/blogs/the-roll-your-own-papers-blog/what-to-use-as-rolling-paper-when-you-re-out-of-papers-10-handy-alternatives,/collections/custom-rolling-papers
/blogs/the-roll-your-own-papers-blog/how-to-clean-your-weed-grinder-without-alcohol,/collections/custom-grinders
/blogs/the-roll-your-own-papers-blog/how-to-make-a-grinder-for-weed-diy-herb-grinder-guide,/collections/custom-grinders
/blogs/the-roll-your-own-papers-blog/how-much-does-a-quarter-bag-of-weed-weigh,/collections/custom-weed-bags
/blogs/the-roll-your-own-papers-blog/how-to-get-every-last-bit-from-your-grinder,/collections/custom-grinders
/blogs/the-roll-your-own-papers-blog/how-to-make-a-custom-glitter-rolling-tray-diy-guide,/collections/custom-rolling-trays
/blogs/the-roll-your-own-papers-blog/how-long-is-weed-good-in-a-plastic-bag-the-complete-2025-storage-guide,/collections/custom-weed-bags
/blogs/the-roll-your-own-papers-blog/how-to-put-a-picture-on-a-rolling-tray-5-easy-methods-that-actually-work,/collections/custom-rolling-trays
/blogs/the-roll-your-own-papers-blog/how-to-open-a-weed-grinder-15-easy-methods-that-actually-work,/collections/custom-grinders
/blogs/the-roll-your-own-papers-blog/how-to-roll-glass-tips-the-complete-2025-guide-for-perfect-sessions-every-time,/collections/custom-joint-tips
/blogs/the-roll-your-own-papers-blog/how-to-make-rolling-paper-from-leaves-easy-natural-diy-methods-that-actually-work,/collections/custom-rolling-papers
/blogs/the-roll-your-own-papers-blog/how-to-make-a-cute-rolling-tray-in-2025-super-easy-actually-adorable-diy-ideas,/collections/custom-rolling-trays
/blogs/the-roll-your-own-papers-blog/how-much-is-a-bag-of-weed-your-complete-price-guide-for-2025,/collections/custom-weed-bags
/blogs/the-roll-your-own-papers-blog/do-smoke-shops-sell-pre-rolls-the-complete-insiders-guide,/collections/custom-pre-rolled-cones
/blogs/the-roll-your-own-papers-blog/how-to-make-rolling-paper-from-rice-the-complete-diy-guide,/collections/custom-rolling-papers
/blogs/the-roll-your-own-papers-blog/how-to-roll-a-joint-without-rolling-paper-15-creative-alternatives-that-actually-work,/collections/custom-rolling-papers
/blogs/the-roll-your-own-papers-blog/can-weed-expire-in-a-bag-here-s-what-you-need-to-know,/collections/custom-weed-bags
/blogs/the-roll-your-own-papers-blog/how-to-maintain-your-resin-rolling-tray-faq-complete-care-guide-2025,/collections/custom-rolling-trays
/blogs/the-roll-your-own-papers-blog/how-much-does-a-weed-grinder-cost-2025-price-guide,/collections/custom-grinders
/blogs/the-roll-your-own-papers-blog/how-to-make-a-rolling-tray-with-resin-your-complete-diy-guide-2025,/collections/custom-rolling-trays
/blogs/the-roll-your-own-papers-blog/is-it-safe-to-use-gum-wrappers-as-rolling-paper,/collections/custom-rolling-papers
/blogs/the-roll-your-own-papers-blog/can-you-use-parchment-paper-as-rolling-paper-here-s-why-you-should-think-twice,/collections/custom-rolling-papers
/blogs/the-roll-your-own-papers-blog/how-long-do-pre-rolls-last,/collections/custom-pre-rolled-cones
/blogs/the-roll-your-own-papers-blog/how-to-bag-weed-a-complete-guide-to-keeping-your-stash-fresh-and-discreet,/collections/custom-weed-bags
/blogs/the-roll-your-own-papers-blog/how-to-clean-glass-filter-tips-2025-guide,/collections/custom-joint-tips
/blogs/the-roll-your-own-papers-blog/can-you-put-weed-in-a-checked-bag-the-essential-guide-for-u-s-travelers,/collections/custom-weed-bags
/blogs/the-roll-your-own-papers-blog/do-pre-rolls-have-nicotine-the-ultimate-truth-you-need-to-know,/collections/custom-pre-rolled-cones
/blogs/the-roll-your-own-papers-blog/how-to-make-a-rolling-tray-diy-and-how-they-re-made-industrially,/collections/custom-rolling-trays
/blogs/the-roll-your-own-papers-blog/how-to-make-an-led-rolling-tray-step-by-step-diy-guide,/collections/custom-rolling-trays
/blogs/the-roll-your-own-papers-blog/how-to-make-a-homemade-weed-grinder-12-safe-and-clever-methods,/collections/custom-grinders
/blogs/the-roll-your-own-papers-blog/what-is-a-rolling-tray-used-for,/collections/custom-rolling-trays
/blogs/the-roll-your-own-papers-blog/when-was-the-weed-grinder-invented-1905-origin-modern-evolution,/collections/custom-grinders
/blogs/the-roll-your-own-papers-blog/how-to-ship-glass-jars-safely-packaging-tips,/collections/custom-rolling-papers
/blogs/the-roll-your-own-papers-blog/can-i-bring-a-weed-grinder-on-a-plane-complete-tsa-guide-2025,/collections/custom-grinders
/blogs/the-roll-your-own-papers-blog/how-many-grams-are-in-a-bag-of-weed-2025-update-slang,/collections/custom-weed-bags
/blogs/the-roll-your-own-papers-blog/how-high-rolling-tray-the-fun-handy-tray-that-levels-up-your-ritual,/collections/custom-rolling-trays
/blogs/the-roll-your-own-papers-blog/can-you-bring-a-weed-grinder-on-a-plane,/collections/custom-grinders
/blogs/the-roll-your-own-papers-blog/can-i-leave-weed-in-my-grinder-2025-guide,/collections/custom-grinders
/blogs/the-roll-your-own-papers-blog/how-many-grams-is-a-bag-of-weed-a-no-stress-2025-guide,/collections/custom-weed-bags
/blogs/the-roll-your-own-papers-blog/how-to-clean-a-metal-weed-grinder-ultimate-guide-2025,/collections/custom-grinders
/blogs/the-roll-your-own-papers-blog/how-to-roll-glass-tips-the-complete-2025-guide,/collections/custom-joint-tips
/blogs/the-roll-your-own-papers-blog/how-to-grind-weed-with-a-grinder-your-ultimate-guide,/collections/custom-grinders
/blogs/the-roll-your-own-papers-blog/what-is-the-best-grinder-for-weed-your-ultimate-2025-guide,/collections/custom-grinders
/blogs/the-roll-your-own-papers-blog/how-to-make-a-dice-rolling-tray-2025-diy-guide,/collections/custom-rolling-trays
/blogs/the-roll-your-own-papers-blog/5-luxury-herb-promo-gifts-for-the-sophisticated-stoner,/collections/custom-rolling-papers
/blogs/the-roll-your-own-papers-blog/how-much-are-pre-rolls-in-the-usa-2025-average-prices-by-state-what-affects-the-cost,/collections/custom-pre-rolled-cones
/blogs/the-roll-your-own-papers-blog/how-often-should-i-clean-my-weed-grinder-your-complete-maintenance-guide,/collections/custom-grinders
/blogs/the-roll-your-own-papers-blog/how-to-clean-a-weed-grinder-make-it-like-new,/collections/custom-grinders
/blogs/the-roll-your-own-papers-blog/what-s-the-best-weed-grinder-in-2025-the-friendly-no-nonsense-guide,/collections/custom-grinders
/blogs/the-roll-your-own-papers-blog/how-much-are-pre-rolls-in-dispensary-real-world-price-guide-ways-to-save,/collections/custom-pre-rolled-cones
/blogs/the-roll-your-own-papers-blog/how-to-use-a-rolling-tray-2025-guide-clean-organized-effortless-rolls,/collections/custom-rolling-trays
/blogs/the-roll-your-own-papers-blog/are-pre-rolls-worth-buying-the-complete-truth-about-value-quality,/collections/custom-pre-rolled-cones
/blogs/the-roll-your-own-papers-blog/do-gas-stations-sell-pre-rolls-the-truth-nobodys-telling-you,/collections/custom-pre-rolled-cones
/blogs/the-roll-your-own-papers-blog/can-you-fly-with-weed-gummies-in-checked-bag-2025-tsa-rules,/collections/custom-weed-bags
/blogs/the-roll-your-own-papers-blog/the-pros-and-cons-of-using-a-custom-rolling-tray,/collections/custom-rolling-trays
/blogs/the-roll-your-own-papers-blog/how-to-smoke-weed-without-rolling-paper-2025-guide,/collections/custom-rolling-papers
/blogs/the-roll-your-own-papers-blog/what-to-use-as-a-rolling-tray-7-creative-household-alternatives-the-handy-options,/collections/custom-rolling-trays
/blogs/the-roll-your-own-papers-blog/the-best-rolling-trays-reviewed-which-one-is-right-for-you,/collections/custom-rolling-trays
/blogs/the-roll-your-own-papers-blog/how-to-make-custom-rolling-trays,/collections/custom-rolling-trays
/blogs/the-roll-your-own-papers-blog/how-to-make-custom-rolling-trays-the-ultimate-diy-guide-in-2025,/collections/custom-rolling-trays
/blogs/the-roll-your-own-papers-blog/what-all-do-you-need-to-make-a-rolling-tray-the-complete-2025-guide,/collections/custom-rolling-trays
/blogs/the-roll-your-own-papers-blog/what-are-glass-tips-the-ultimate-2025-guide-you-need-to-read,/collections/custom-joint-tips
/blogs/the-roll-your-own-papers-blog/how-to-clean-a-rolling-tray-the-ultimate-guide-to-a-spotless-tray,/collections/custom-rolling-trays
/blogs/the-roll-your-own-papers-blog/what-is-a-rolling-tray-your-ultimate-guide-to-rolling-trays-in-2025,/collections/custom-rolling-trays
/blogs/the-roll-your-own-papers-blog/what-can-i-use-as-a-rolling-tray-25-smart-alternatives-pro-tips-a-10-diy-blueprint,/collections/custom-rolling-trays
/blogs/the-roll-your-own-papers-blog/where-to-get-pre-rolls-in-2025-local-delivery-online,/collections/custom-pre-rolled-cones
/blogs/the-roll-your-own-papers-blog/who-invented-the-weed-grinder-the-untold-story-behind-your-favorite-tool,/collections/custom-grinders
/blogs/the-roll-your-own-papers-blog/what-are-glass-tips-used-for-the-ultimate-2025-guide,/collections/custom-joint-tips
/blogs/the-roll-your-own-papers-blog/how-to-use-pre-rolls-the-ultimate-guide-for-perfect-sessions-every-time,/collections/custom-pre-rolled-cones
/blogs/the-roll-your-own-papers-blog/how-to-stop-weed-smelling-in-a-bag-without-losing-your-mind-or-your-herb,/collections/custom-weed-bags
/blogs/the-roll-your-own-papers-blog/can-you-bring-pre-rolls-in-a-checked-bag-know-before-you-fly,/collections/custom-pre-rolled-cones
/blogs/the-roll-your-own-papers-blog/can-you-bring-a-rolling-tray-on-a-plane-the-ultimate-travel-guide,/collections/custom-rolling-trays
/blogs/the-roll-your-own-papers-blog/how-much-do-pre-rolls-cost-in-2025-a-real-world-guide-to-prices-packs-and-savings,/collections/custom-pre-rolled-cones
/blogs/the-roll-your-own-papers-blog/how-to-grind-weed-without-grinder-12-genius-hacks-you-need-to-know,/collections/custom-grinders
/blogs/the-roll-your-own-papers-blog/can-you-bring-weed-gummies-in-a-checked-bag-2025-traveler-s-guide,/collections/custom-weed-bags
/blogs/the-roll-your-own-papers-blog/what-is-a-rolling-tray-for-the-ultimate-guide-youve-been-waiting-for,/collections/custom-rolling-trays
/blogs/the-roll-your-own-papers-blog/how-to-make-a-smell-proof-bag-for-weed-your-ultimate-diy-guide,/collections/custom-weed-bags
/blogs/the-roll-your-own-papers-blog/how-to-make-a-wooden-rolling-tray-the-ultimate-diy-guide-for-2025,/collections/custom-rolling-trays
/blogs/the-roll-your-own-papers-blog/how-to-use-a-weed-grinder-step-by-step-guide,/collections/custom-grinders
/blogs/the-roll-your-own-papers-blog/tagged/custom-rolling-tray?page=2,/collections/custom-rolling-trays
/blogs/the-roll-your-own-papers-blog/tagged/cannabis-swag?page=2,/collections/custom-rolling-papers
/blogs/the-roll-your-own-papers-blog/how-to-make-custom-rolling-tray-sets-9-creative-diy-methods-2026-guide,/collections/custom-rolling-trays
/blogs/the-roll-your-own-papers-blog/what-type-of-rolling-tray-is-the-best-for-you,/collections/custom-rolling-trays
/blogs/the-roll-your-own-papers-blog/the-secret-to-storing-herb-long-term-and-preserve-the-freshness,/collections/custom-weed-bags
/blogs/the-roll-your-own-papers-blog/what-are-infused-pre-rolls-the-ultimate-guide-2025-to-enhanced-pre-rolls,/collections/custom-pre-rolled-cones
/blogs/the-roll-your-own-papers-blog/how-to-smoke-weed-if-you-dont-have-rolling-paper,/collections/custom-rolling-papers
/blogs/the-roll-your-own-papers-blog/do-smell-proof-bags-for-herb-work,/collections/custom-weed-bags
/blogs/the-roll-your-own-papers-blog/herb-packaging-how-to-keep-your-herb-fresh,/collections/custom-weed-bags
/blogs/the-roll-your-own-papers-blog/how-to-use-herb-grinder-with-teeth-the-ultimate-2026-guide,/collections/custom-grinders
/blogs/the-roll-your-own-papers-blog/are-infused-pre-rolls-worth-it-the-ultimate-guide-to-enhanced-pre-roll,/collections/custom-pre-rolled-cones
/blogs/the-roll-your-own-papers-blog/how-do-you-clean-a-weed-grinder-without-overthinking-it,/collections/custom-grinders
/blogs/the-roll-your-own-papers-blog/important-notice-welcoming-the-year-of-the-dragon,/collections/custom-rolling-papers
/blogs/the-roll-your-own-papers-blog/the-ultimate-guide-to-using-a-herb-grinder,/collections/custom-grinders
/blogs/the-roll-your-own-papers-blog/is-a-herb-overdose-possible,/collections/custom-rolling-papers
/blogs/the-roll-your-own-papers-blog/how-to-clean-a-herb-grinder-the-ultimate-guide-that-actually-works,/collections/custom-grinders
/blogs/the-roll-your-own-papers-blog/how-to-fix-a-broken-cigarette-without-rolling-paper-7-genius-hacks,/collections/custom-rolling-papers
/blogs/the-roll-your-own-papers-blog/f-k-covid-19-we-back,/collections/custom-rolling-papers
/blogs/the-roll-your-own-papers-blog/2019-novel-coronavirus-production-delays,/collections/custom-rolling-papers
/blogs/the-roll-your-own-papers-blog/are-pre-rolls-legal-in-2025-a-friendly-no-stress-guide,/collections/custom-pre-rolled-cones
/blogs/the-roll-your-own-papers-blog/what-is-a-smell-proof-mylar-bag-and-how-do-you-get-one,/collections/custom-weed-bags
/blogs/the-roll-your-own-papers-blog/2021-the-year-of-the-ox,/collections/custom-rolling-papers
/blogs/the-roll-your-own-papers-blog/the-difference-between-vaporizing-and-smoking-herb,/collections/custom-rolling-papers
/blogs/the-roll-your-own-papers-blog/how-to-smoke-weed-without-rolling-paper-or-bong-13-clever-hacks-for-when-you-re-all-out,/collections/custom-rolling-papers
/blogs/the-roll-your-own-papers-blog/how-much-are-pre-rolls-in-texas-real-prices-where-to-buy-2026-guide,/collections/custom-pre-rolled-cones
/blogs/the-roll-your-own-papers-blog/how-to-make-a-weed-grinder-out-of-wood,/collections/custom-grinders
/blogs/the-roll-your-own-papers-blog/where-to-buy-rolling-tray-near-me-your-ultimate-guide-to-finding-the-perfect-one,/collections/custom-rolling-trays
/blogs/the-roll-your-own-papers-blog/how-to-make-hemp-rolling-paper-at-home-a-step-by-step-diy-guide,/collections/custom-rolling-papers
/blogs/the-roll-your-own-papers-blog/super-sexy-roach-book-1-1,/collections/custom-rolling-papers
/blogs/the-roll-your-own-papers-blog/8-cool-hacks-to-grind-herbal-without-a-grinder,/collections/custom-grinders
/blogs/the-roll-your-own-papers-blog/how-to-smoke-weed-without-pipe-or-rolling-paper-smart-creative-amp-real-world-alternatives,/collections/custom-rolling-papers
/blogs/the-roll-your-own-papers-blog/are-pre-rolls-any-good-the-honest-truth-about-quality-value-amp-what-to-expect,/collections/custom-pre-rolled-cones
/blogs/the-roll-your-own-papers-blog/top-10-ways-to-use-herb,/collections/custom-rolling-papers
/blogs/the-roll-your-own-papers-blog/chinese-new-years-2022-the-year-of-the-tiger,/collections/custom-rolling-papers
/blogs/the-roll-your-own-papers-blog/differentiating-good-and-bad-quality-herb-buds,/collections/custom-rolling-papers
/blogs/the-roll-your-own-papers-blog/what-do-glass-tips-do-for-joints-the-ultimate-2025-guide,/collections/custom-joint-tips
/blogs/the-roll-your-own-papers-blog/how-to-use-herb-grinder-2025-guide-clean-consistent-quiet,/collections/custom-grinders
/blogs/the-roll-your-own-papers-blog/what-are-the-safest-alternatives-to-rolling-paper-2025-guide,/collections/custom-rolling-papers
/blogs/the-roll-your-own-papers-blog/mid-autumn-festival-holidays-2020-yay,/collections/custom-rolling-papers
/blogs/the-roll-your-own-papers-blog/rolling-in-style-a-guide-to-the-best-rolling-trays-for-home-rollers,/collections/custom-rolling-trays
/blogs/the-roll-your-own-papers-blog/how-to-smoke-pre-rolls-your-first-timers-guide-21,/collections/custom-pre-rolled-cones
/blogs/the-roll-your-own-papers-blog/where-to-buy-weed-grinder-2025-buyer-s-guide,/collections/custom-grinders
/blogs/the-roll-your-own-papers-blog/how-to-fix-a-broken-cigarette-without-rolling-paper-7-genius-hacks/,/collections/custom-rolling-papers
/blogs/the-roll-your-own-papers-blog/can-you-bring-pre-rolls-in-a-checked-bag-know-before-you-fly?srsltid=AfmBOooNgNi4wDHCkXC30BivYGK8rfJZH6-mkiRT2Y755j80WwRvM3TM,/collections/custom-pre-rolled-cones
/blogs/the-roll-your-own-papers-blog/how-to-bag-weed-a-complete-guide-to-keeping-your-stash-fresh-and-discreet?srsltid=AfmBOoooD5Y_f6etlJ_jRXfs3MWkO_wmnKoYeXZPnsPMpB7k72LgWyMr,/collections/custom-weed-bags
/blogs/the-roll-your-own-papers-blog/do-pre-rolls-have-nicotine-the-ultimate-truth-you-need-to-know?srsltid=AfmBOooyQsqMGiFlQF8jUZA7SKEb_uWEVW5lpVRozHynOxJpn1mCsHpA,/collections/custom-pre-rolled-cones
/blogs/the-roll-your-own-papers-blog/how-to-bag-weed-a-complete-guide-to-keeping-your-stash-fresh-and-discreet?srsltid=AfmBOooT68WfRxpCPXigsnmIhvbrD9eeIL8JUUk6qjm6-XdfhIUPcZp6,/collections/custom-weed-bags
/blogs/the-roll-your-own-papers-blog/how-old-do-you-have-to-be-to-buy-a-rolling-tray-age-laws-faqs-2025?srsltid=AfmBOoqO0-eLn7WAFYGYGLW4GNZGKvRenRzKMRfNb15dPGxxKcasZQZz,/collections/custom-rolling-trays
/blogs/the-roll-your-own-papers-blog/how-to-bag-weed-a-complete-guide-to-keeping-your-stash-fresh-and-discreet?srsltid=AfmBOoot-N0f8e78VaBVbTAOE26bUR8chJ0cj4gV_pfWKWnCrEvValgn,/collections/custom-weed-bags
/blogs/the-roll-your-own-papers-blog/can-you-put-weed-in-a-checked-bag-the-essential-guide-for-u-s-travelers?srsltid=AfmBOoofzBeTsqa09ABn6kgNXg3vx-SKx8FZCkIG7kis_qliPqvdBPWO,/collections/custom-weed-bags
/blogs/the-roll-your-own-papers-blog/how-to-bag-weed-a-complete-guide-to-keeping-your-stash-fresh-and-discreet?srsltid=AfmBOooZVJXo8mYHKJ7WlRyFNgGEYlYwN9VWSoUStQeMGyxe42DZuN0q,/collections/custom-weed-bags
/blogs/the-roll-your-own-papers-blog/how-many-grams-are-in-a-bag-of-weed-2025-update-slang?srsltid=AfmBOooK5JpdhO8UaKaTsoC3qKZCqWVsuSDih6Dvas1I8h51JZS8LZzN,/collections/custom-weed-bags
/blogs/the-roll-your-own-papers-blog/how-to-bag-weed-a-complete-guide-to-keeping-your-stash-fresh-and-discreet?srsltid=AfmBOopY0L4hJK06uyoh4yuZE32KY-dUUHpLG1ILz_n4rfPVQOLerhVg,/collections/custom-weed-bags
/blogs/the-roll-your-own-papers-blog/what-do-glass-tips-do-for-joints-the-ultimate-2025-guide?srsltid=AfmBOoq1tRIVJW0OC5Xn9LhLZWrcUnd3fP3zNvDeMDNsm05grBk9-Y-h,/collections/custom-joint-tips
/blogs/the-roll-your-own-papers-blog/how-many-grams-are-in-a-bag-of-weed-2025-update-slang?srsltid=AfmBOooKRYWtHATRw0wnnnnkCE32INbaN50nqjhFmPlZtFb2XJ6S-oJJ,/collections/custom-weed-bags
/blogs/the-roll-your-own-papers-blog/how-many-grams-are-in-a-bag-of-weed-2025-update-slang?srsltid=AfmBOoqzA9duQ1k5w-S4PvaQqEml8Og6E0LYEyRoZr3Y--yX8IuUkZNB,/collections/custom-weed-bags
/blogs/the-roll-your-own-papers-blog/how-to-bag-weed-a-complete-guide-to-keeping-your-stash-fresh-and-discreet?srsltid=AfmBOorKpwfZOVAcXIcu_AY0JysCqBU3R4rOyuVuRPCHJSqVkIb9PWzL,/collections/custom-weed-bags
/blogs/the-roll-your-own-papers-blog/how-to-bag-weed-a-complete-guide-to-keeping-your-stash-fresh-and-discreet?srsltid=AfmBOoqg4aO2M3hH8hap2IXHOQTwCYzLcCSZz1tdpfPr8_Y_b87Mq0rV,/collections/custom-weed-bags
/blogs/the-roll-your-own-papers-blog/what-do-glass-tips-do-for-joints-the-ultimate-2025-guide?srsltid=AfmBOooqAf8wCDtYaWSEchXd3KqTu_Wr4ktfvq_kzAVefOEFzakDLp4O,/collections/custom-joint-tips
/blogs/the-roll-your-own-papers-blog/how-many-grams-are-in-a-bag-of-weed-2025-update-slang?srsltid=AfmBOopvwWhOaO8RhRl46Rp7tsXcz611KM3ly8hVXEuc_8Q7VJexPh0B,/collections/custom-weed-bags
/blogs/the-roll-your-own-papers-blog/how-to-stop-weed-smelling-in-a-bag-without-losing-your-mind-or-your-herb?srsltid=AfmBOood4fy6RnOprl01FvcEh00z4ywEalF-m6lIf1KDKhdiPxVURv6G,/collections/custom-weed-bags
/blogs/the-roll-your-own-papers-blog/how-to-bag-weed-a-complete-guide-to-keeping-your-stash-fresh-and-discreet?srsltid=AfmBOoosphMapOAeF9PiF_8M6hYimFiAyJig9silw1SLDf9wM8on_eUi,/collections/custom-weed-bags
/blogs/the-roll-your-own-papers-blog/how-to-smoke-pre-rolls-your-first-timers-guide-21?srsltid=AfmBOophMJ0zCPfIqQ6Lhy5mDyLZf03hcCAzrSLXlKW3Lr8dynH3GgqN,/collections/custom-pre-rolled-cones
/blogs/the-roll-your-own-papers-blog/how-to-make-a-grinder-for-weed-diy-herb-grinder-guide?srsltid=AfmBOoob0TdGUYDLhWCESZ5uL2cL77uGaq7_4ymbUwzJuiywvfam6oEU,/collections/custom-grinders
/blogs/the-roll-your-own-papers-blog/tagged/4-20-promotional-products,/collections/custom-rolling-papers
/blogs/the-roll-your-own-papers-blog/tagged/custom-rolling-papers?page=1,/collections/custom-rolling-papers
/blogs/the-roll-your-own-papers-blog/tagged/smell-proof-mylar-bags,/collections/custom-weed-bags
/blogs/the-roll-your-own-papers-blog/tagged/custom-printed-pre-roll-cones?page=1,/collections/custom-pre-rolled-cones
/blogs/the-roll-your-own-papers-blog/tagged/thailand-dispensaries.atom,/collections/custom-rolling-papers
/blogs/the-roll-your-own-papers-blog/tagged/dispensary-promotional-products.atom,/collections/custom-rolling-papers
/blogs/the-roll-your-own-papers-blog/tagged/custom-rolling-tray.atom,/collections/custom-rolling-trays
/blogs/the-roll-your-own-papers-blog/tagged/dream-it-and-we-can-make-it?page=1,/collections/custom-rolling-papers
/blogs/the-roll-your-own-papers-blog/tagged/cannabis-swag.atom,/collections/custom-rolling-papers
/blogs/the-roll-your-own-papers-blog/tagged/www-rollyourownpapers-com?page=1,/collections/custom-rolling-papers
/blogs/the-roll-your-own-papers-blog/tagged/custom-cannabis-promo,/collections/custom-rolling-papers
/blogs/the-roll-your-own-papers-blog/tagged/mylar-bags.atom,/collections/custom-weed-bags
/blogs/the-roll-your-own-papers-blog/tagged/custom-printed-rolling-papers.atom,/collections/custom-rolling-papers
/blogs/the-roll-your-own-papers-blog/tagged/custom-printed-pre-roll-cones.atom,/collections/custom-pre-rolled-cones
/blogs/the-roll-your-own-papers-blog/tagged/dream-it-and-we-can-make-it?page=2,/collections/custom-rolling-papers
/blogs/the-roll-your-own-papers-blog/tagged/custom-rolling-tray,/collections/custom-rolling-trays
/blogs/the-roll-your-own-papers-blog/tagged/amazon-pre-rolled-cones.atom,/collections/custom-pre-rolled-cones
/blogs/the-roll-your-own-papers-blog/tagged/www-rollyourownpapers-com,/collections/custom-rolling-papers
/blogs/the-roll-your-own-papers-blog/tagged/cannabis-swag,/collections/custom-rolling-papers
/blogs/the-roll-your-own-papers-blog/tagged/custom-rolling-papers?page=3,/collections/custom-rolling-papers
/blogs/the-roll-your-own-papers-blog/tagged/pre-rolled-cones,/collections/custom-pre-rolled-cones
/blogs/the-roll-your-own-papers-blog/tagged/4-20-promotional-products.atom,/collections/custom-rolling-papers
/blogs/the-roll-your-own-papers-blog/tagged/custom-rolling-papers?page=2,/collections/custom-rolling-papers
/blogs/the-roll-your-own-papers-blog/tagged/rolling-paper-size,/collections/custom-rolling-papers
/blogs/the-roll-your-own-papers-blog/tagged/custom-printed-rolling-papers?page=2,/collections/custom-rolling-papers
/blogs/the-roll-your-own-papers-blog/tagged/custom-printed-pre-roll-cones?page=3,/collections/custom-pre-rolled-cones
/blogs/the-roll-your-own-papers-blog/tagged/custom-rolling-papers-thailand.atom,/collections/custom-rolling-papers
/blogs/the-roll-your-own-papers-blog/tagged/rolling-paper-size.atom,/collections/custom-rolling-papers
/blogs/the-roll-your-own-papers-blog/tagged/rolling-papers-in-thailand.atom,/collections/custom-rolling-papers
/blogs/the-roll-your-own-papers-blog/tagged/pre-rolled-cones-factory.atom,/collections/custom-pre-rolled-cones
/blogs/the-roll-your-own-papers-blog/tagged/custom-rolling-papers.atom,/collections/custom-rolling-papers
/blogs/the-roll-your-own-papers-blog/tagged/herbswag.atom,/collections/custom-rolling-papers
/blogs/the-roll-your-own-papers-blog/tagged/custom-printed-pre-roll-cones?page=2,/collections/custom-pre-rolled-cones
/blogs/the-roll-your-own-papers-blog/tagged/custom-printed-rolling-papers?page=3,/collections/custom-rolling-papers
/blogs/the-roll-your-own-papers-blog/tagged/cannabis-promotional-products,/collections/custom-rolling-papers
/blogs/the-roll-your-own-papers-blog/tagged/custom-rolling-tray?page=1,/collections/custom-rolling-trays
/blogs/the-roll-your-own-papers-blog/tagged/cannabis-swag?page=1,/collections/custom-rolling-papers
/blogs/the-roll-your-own-papers-blog/tagged/cannabis-promotional-products?page=2,/collections/custom-rolling-papers
/blogs/the-roll-your-own-papers-blog/tagged/cannabis-promotional-products?page=1,/collections/custom-rolling-papers
/blogs/the-roll-your-own-papers-blog/tagged/custom-printed-pre-roll-cones,/collections/custom-pre-rolled-cones
/blogs/the-roll-your-own-papers-blog/tagged/custom-rolling-papers-manufacturer.atom,/collections/custom-rolling-papers
/blogs/the-roll-your-own-papers-blog/tagged/custom-printed-rolling-papers,/collections/custom-rolling-papers
/blogs/the-roll-your-own-papers-blog/tagged/pre-rolled-cones.atom,/collections/custom-pre-rolled-cones
/blogs/the-roll-your-own-papers-blog/tagged/smell-proof-mylar-bags.atom,/collections/custom-weed-bags
/blogs/the-roll-your-own-papers-blog/tagged/dispensary-promotional-products,/collections/custom-rolling-papers
/blogs/the-roll-your-own-papers-blog/tagged/custom-rolling-papers,/collections/custom-rolling-papers
/blogs/the-roll-your-own-papers-blog/tagged/cannabis-promotional-products.atom,/collections/custom-rolling-papers
/blogs/the-roll-your-own-papers-blog/tagged/www-rollyourownpapers-com?page=2,/collections/custom-rolling-papers
/blogs/the-roll-your-own-papers-blog/tagged/cannabis-packaging,/collections/custom-rolling-papers
/blogs/the-roll-your-own-papers-blog/tagged/www-rollyourownpapers-com.atom,/collections/custom-rolling-papers
/blogs/the-roll-your-own-papers-blog/tagged/cannabis-packaging.atom,/collections/custom-rolling-papers
/blogs/the-roll-your-own-papers-blog/tagged/dream-it-and-we-can-make-it,/collections/custom-rolling-papers
/blogs/the-roll-your-own-papers-blog/tagged/custom-cannabis-promo.atom,/collections/custom-rolling-papers
/blogs/the-roll-your-own-papers-blog/tagged/custom-printed-rolling-papers?page=1,/collections/custom-rolling-papers
/blogs/the-roll-your-own-papers-blog/tagged/4-20-swag.atom,/collections/custom-rolling-papers
/blogs/the-roll-your-own-papers-blog/tagged/s-w-rolling-tips.atom,/collections/custom-rolling-papers
/blogs/the-roll-your-own-papers-blog/tagged/pre-rolled-cones-factory,/collections/custom-pre-rolled-cones
/blogs/the-roll-your-own-papers-blog/tagged/dream-it-and-we-can-make-it.atom,/collections/custom-rolling-papers
/blogs/the-roll-your-own-papers-blog/tagged/amazon-pre-rolled-cones,/collections/custom-pre-rolled-cones
/blogs/the-roll-your-own-papers-blog/tagged/bobbin-rolling-paper-with-pure-arabic-gum.atom,/collections/custom-rolling-papers
/blogs/the-roll-your-own-papers-blog/tagged/pre-rolled-bullet-tips.atom,/collections/custom-pre-rolled-cones
/blogs/the-roll-your-own-papers-blog/tagged/thailand-dispensaries,/collections/custom-rolling-papers
/blogs/the-roll-your-own-papers-blog/tagged/rolling-papers-in-thailand,/collections/custom-rolling-papers
/blogs/the-roll-your-own-papers-blog/tagged/custom-rolling-papers-manufacturer,/collections/custom-rolling-papers
/blogs/the-roll-your-own-papers-blog/tagged/mylar-bags,/collections/custom-weed-bags
/blogs/the-roll-your-own-papers-blog/tagged/4-20-swag,/collections/custom-rolling-papers
