Redirect from,Redirect to
"/blogs/the-roll-your-own-papers-blog/nobody-told-you-this-about-the-rollpros-blackbird-machine-until-now","/blogs/the-roll-your-own-papers-blog"
"/blogs/the-roll-your-own-papers-blog/rollpros-blackbird-vs-chinese-pre-roll-machines-the-truth-about-reliability","/blogs/the-roll-your-own-papers-blog"
"/blogs/the-roll-your-own-papers-blog/rollpros-blackbird-vs-futurola-knockbox-which-is-better-for-2025","/blogs/the-roll-your-own-papers-blog"
"/blogs/the-roll-your-own-papers-blog/proof-of-roi-rollpros-blackbird-case-studies-from-2024-2025","/blogs/the-roll-your-own-papers-blog"
"/blogs/the-roll-your-own-papers-blog/how-the-rollpros-blackbird-can-cut-labor-costs-by-72","/blogs/the-roll-your-own-papers-blog"
"/blogs/the-roll-your-own-papers-blog/rollpros-blackbird-vs-stm-rocketbox-vs-flexpak-full-machine-comparison","/blogs/the-roll-your-own-papers-blog"
"/blogs/the-roll-your-own-papers-blog/unlock-efficiency-essential-consumables-for-your-rollpros-blackbird-automated-pre-roll-machine","/blogs/the-roll-your-own-papers-blog"
"/blogs/the-roll-your-own-papers-blog/rollpros-blackbird-consumables-how-to-reduce-waste-and-maximize-output","/blogs/the-roll-your-own-papers-blog"
"/blogs/the-roll-your-own-papers-blog/rollpros-blackbird-machine-settings-how-to-optimize-output-and-reduce-jams","/blogs/the-roll-your-own-papers-blog"
"/blogs/the-roll-your-own-papers-blog/how-to-make-your-rollpros-blackbird-production-line-eco-friendly","/blogs/the-roll-your-own-papers-blog"
"/blogs/the-roll-your-own-papers-blog/the-ultimate-guide-to-custom-pre-roll-cone-manufacturing-with-fully-automated-pre-roll-rolling-machine-and-rollpros-blackbird-machine-consumables","/blogs/the-roll-your-own-papers-blog"
"/blogs/the-roll-your-own-papers-blog/unlocking-blackbird-potential-the-ultimate-guide-to-rollyourownpapers-custom-paper-bobbins-filter-tips","/blogs/the-roll-your-own-papers-blog"
"/blogs/the-roll-your-own-papers-blog/the-cost-breakdown-rollpros-blackbird-consumables-vs-hand-rolling-supplies","/blogs/the-roll-your-own-papers-blog"
"/blogs/the-roll-your-own-papers-blog/your-partner-in-scale-choosing-the-right-pre-roll-cone-supplier-for-rollpros-blackbird-machine","/blogs/the-roll-your-own-papers-blog"
"/blogs/the-roll-your-own-papers-blog/why-rollpros-blackbird-consumables-can-make-or-break-your-production","/blogs/the-roll-your-own-papers-blog"
"/blogs/the-roll-your-own-papers-blog/5-common-mistakes-with-rollpros-blackbird-consumables-and-how-to-fix-them","/blogs/the-roll-your-own-papers-blog"
"/blogs/the-roll-your-own-papers-blog/paper-bobbins-filter-tips-or-glass-tips-which-impacts-rollpros-output-the-most","/blogs/the-roll-your-own-papers-blog"
"/blogs/the-roll-your-own-papers-blog/why-fully-automated-pre-roll-joint-rolling-machine-and-rollpros-blackbird-machines-are-your-secret-weapon-in-a-competitive-market","/blogs/the-roll-your-own-papers-blog"
"/blogs/the-roll-your-own-papers-blog/rollpros-blackbird-consumables-vs-generic-supplies-whats-the-difference","/blogs/the-roll-your-own-papers-blog"
"/blogs/the-roll-your-own-papers-blog/rollpros-blackbird-consumables-and-the-rise-of-automated-production","/blogs/the-roll-your-own-papers-blog"
"/blogs/the-roll-your-own-papers-blog/rollpros-blackbird-vs-contract-manufacturing-which-model-makes-more-profit","/blogs/the-roll-your-own-papers-blog"
"/blogs/the-roll-your-own-papers-blog/we-ran-the-rollpros-blackbird-for-30-days-straight-heres-what-broke-first","/blogs/the-roll-your-own-papers-blog"
"/blogs/the-roll-your-own-papers-blog/everyone-s-talking-about-the-rollpros-blackbird-but-where-do-you-get-the-paper-bobbins-and-pre-roll-tips","/blogs/the-roll-your-own-papers-blog"
"/blogs/the-roll-your-own-papers-blog/how-to-take-care-of-your-fully-automated-pre-roll-machine-like-rollpros-blackbird-machine","/blogs/the-roll-your-own-papers-blog"
"/blogs/the-roll-your-own-papers-blog/don-t-let-cheap-supplies-destroy-your-automated-pre-roll-joint-rolling-machines-and-rollpros-blackbird-rolling-machines-how-choosing-the-right-supplier-protects-your-machine-and-your-brand","/blogs/the-roll-your-own-papers-blog"
"/blogs/the-roll-your-own-papers-blog/don-t-let-cheap-supplies-destroy-your-rollpros-blackbird-choose-the-right-supplier-to-protect-your-machine-and-your-brand","/blogs/the-roll-your-own-papers-blog"
"/blogs/the-roll-your-own-papers-blog/how-to-load-rolling-paper-bobbins-into-the-pre-roll-machines-and-rollpros-blackbird-rolling-machine-step-by-step","/blogs/the-roll-your-own-papers-blog"
"/blogs/the-roll-your-own-papers-blog/mastering-rollpros-blackbird-consumables-tips-for-better-efficiency","/blogs/the-roll-your-own-papers-blog"
"/blogs/the-roll-your-own-papers-blog/are-premium-prerolls-blackbird-consumables-and-automated-pre-roll-machine-consumables-worth-the-investment","/blogs/the-roll-your-own-papers-blog"
"/blogs/the-roll-your-own-papers-blog/what-makes-the-rollpros-blackbird-different-from-other-pre-roll-machines","/blogs/the-roll-your-own-papers-blog"
"/blogs/the-roll-your-own-papers-blog/beyond-the-basics-what-defines-quality-rollpros-blackbird-automated-pre-roll-joint-rolling-machine-production-supplies","/blogs/the-roll-your-own-papers-blog"
"/blogs/the-roll-your-own-papers-blog/how-to-prevent-paper-tearing-tunneling-canoeing-on-the-rollpros-blackbird-ultimate-guide-2025","/blogs/the-roll-your-own-papers-blog"
"/blogs/the-roll-your-own-papers-blog/rollpros-blackbird-consumables-explained-a-complete-guide-for-2025","/blogs/the-roll-your-own-papers-blog"
"/blogs/the-roll-your-own-papers-blog/sustainability-in-rollpros-blackbird-consumables-whats-changing","/blogs/the-roll-your-own-papers-blog"
"/blogs/the-roll-your-own-papers-blog/why-oem-consumables-matter-for-the-rollpros-blackbird-and-what-happens-if-you-don-t-use-them","/blogs/the-roll-your-own-papers-blog"
"/blogs/the-roll-your-own-papers-blog/how-many-rolls-can-one-rollpros-blackbird-bobbin-actually-produce","/blogs/the-roll-your-own-papers-blog"
"/blogs/the-roll-your-own-papers-blog/how-to-store-and-handle-paper-bobbins-for-the-rollpros-blackbird","/blogs/the-roll-your-own-papers-blog"
"/blogs/the-roll-your-own-papers-blog/rollpros-blackbird-maintenance-schedule-daily-weekly-and-monthly-checklist","/blogs/the-roll-your-own-papers-blog"
"/blogs/the-roll-your-own-papers-blog/child-resistant-retail-ready-packaging-workflow-after-the-rollpros-blackbird","/blogs/the-roll-your-own-papers-blog"
"/blogs/the-roll-your-own-papers-blog/rollpros-blackbird-101-everything-you-need-to-know-before-investing","/blogs/the-roll-your-own-papers-blog"
"/blogs/the-roll-your-own-papers-blog/how-co-packing-facilities-use-the-rollpros-blackbird-to-win-new-clients","/blogs/the-roll-your-own-papers-blog"
"/blogs/the-roll-your-own-papers-blog/seamless-production-mastering-your-rollpros-blackbird-consumables-strategy","/blogs/the-roll-your-own-papers-blog"
"/blogs/the-roll-your-own-papers-blog/how-to-troubleshoot-rollpros-blackbird-issues-without-paying-for-support","/blogs/the-roll-your-own-papers-blog"
"/blogs/the-roll-your-own-papers-blog/how-to-pick-the-best-rollpros-blackbird-consumables-for-your-brand","/blogs/the-roll-your-own-papers-blog"
"/blogs/the-roll-your-own-papers-blog/mastering-your-rollpros-blackbird-consumables-automated-pre-roll-joint-rolling-machine-strategy","/blogs/the-roll-your-own-papers-blog"
"/blogs/the-roll-your-own-papers-blog/the-ultimate-guide-to-choosing-the-right-rollpros-blackbird-consumables","/blogs/the-roll-your-own-papers-blog"
"/blogs/the-roll-your-own-papers-blog/elevate-your-automated-pre-roll-joint-rolling-machine-production-and-rollpros-blackbird-production-the-power-of-custom-pre-roll-tips-glass-paper","/blogs/the-roll-your-own-papers-blog"
"/blogs/the-roll-your-own-papers-blog/custom-paper-bobbins-rollpros-blackbird-consumables-and-automated-pre-roll-joint-rolling-machine-consumables-ensuring-peak-automation-efficiency","/blogs/the-roll-your-own-papers-blog"
"/blogs/the-roll-your-own-papers-blog/top-rollpros-blackbird-consumables-every-business-should-be-using","/blogs/the-roll-your-own-papers-blog"
"/blogs/the-roll-your-own-papers-blog/rollpros-blackbird-calibration-guide-perfect-fill-perfect-roll-every-time","/blogs/the-roll-your-own-papers-blog"
"/blogs/the-roll-your-own-papers-blog/everyone-s-talking-about-the-rollpros-blackbird-rolling-machines-and-automated-pre-roll-joint-rolling-machines-but-where-do-you-get-the-paper-bobbins-and-pre-roll-tips","/blogs/the-roll-your-own-papers-blog"
"/blogs/the-roll-your-own-papers-blog/is-the-rollpros-blackbird-really-faster-than-hand-rolling","/blogs/the-roll-your-own-papers-blog"
"/blogs/the-roll-your-own-papers-blog/how-the-rollpros-blackbird-became-the-industry-standard-for-automated-pre-rolls","/blogs/the-roll-your-own-papers-blog"
"/blogs/the-roll-your-own-papers-blog/is-the-rollpros-blackbird-worth-it-in-2025-full-breakdown-for-operators","/blogs/the-roll-your-own-papers-blog"
"/blogs/the-roll-your-own-papers-blog/ROLLYOUROWNPAPERS.COM","/blogs/the-roll-your-own-papers-blog"
"/blogs/the-roll-your-own-papers-blog/rollpros-blackbird-for-small-large-scale-facilities-who-benefits-most","/blogs/the-roll-your-own-papers-blog"
"/blogs/the-roll-your-own-papers-blog/how-to-clean-weed-grinder","/blogs/the-roll-your-own-papers-blog"
"/blogs/the-roll-your-own-papers-blog/top-weed-bags-for-discreet-travel","/blogs/the-roll-your-own-papers-blog"
"/blogs/the-roll-your-own-papers-blog/Weed%20Grinder","/blogs/the-roll-your-own-papers-blog"
"/blogs/the-roll-your-own-papers-blog/is-the-rollpros-blackbird-really-faster-than-hand-rolling?srsltid=AfmBOoq3N9Sj5H-cJ4vdACZ0LyCi0belAdJ8uiNjEIYzhW-C2dw8qyLF","/blogs/the-roll-your-own-papers-blog"
"/blogs/the-roll-your-own-papers-blog/is-the-rollpros-blackbird-actually-a-smart-investment-the-real-cost-breakdown","/blogs/the-roll-your-own-papers-blog"
"/blogs/the-roll-your-own-papers-blog/5-common-mistakes-with-rollpros-blackbird-consumables-and-how-to-fix-them-1","/blogs/the-roll-your-own-papers-blog"
"/blogs/the-roll-your-own-papers-blog/can-you-use-parchment-paper-as-rolling-paper-heres-why-you-should-think-twice","/blogs/the-roll-your-own-papers-blog"
"/blogs/the-roll-your-own-papers-blog/what-can-i-use-as-rolling-paper-when-youre-out-of-papers-10-handy-alternatives","/blogs/the-roll-your-own-papers-blog"
"/blogs/the-roll-your-own-papers-blog/what-to-use-as-rolling-paper-when-youre-out-of-papers-10-handy-alter","/blogs/the-roll-your-own-papers-blog"
"/blogs/the-roll-your-own-papers-blog/rollpros-blackbird-automated-pre-roll-machine-complete-buyers-guide","/blogs/the-roll-your-own-papers-blog"
"/blogs/the-roll-your-own-papers-blog/how-to-optimize-your-rollpros-blackbird-for-maximum-efficiency","/blogs/the-roll-your-own-papers-blog"
"/blogs/the-roll-your-own-papers-blog/rollpros-blackbird-maintenance-guide","/blogs/the-roll-your-own-papers-blog"
"/blogs/the-roll-your-own-papers-blog/rollpros-blackbird-troubleshooting-guide","/blogs/the-roll-your-own-papers-blog"
"/blogs/the-roll-your-own-papers-blog/rollpros-blackbird-automated-pre-roll-machine-complete-guide","/blogs/the-roll-your-own-papers-blog"
"/blogs/the-roll-your-own-papers-blog/best-custom-rolling-paper-bobbins-supplier-for-automated-pre-roll-machines-like-rollpros-blackbird-machine","/blogs/the-roll-your-own-papers-blog"
"/blogs/the-roll-your-own-papers-blog/5-key-reasons-the-rollpros-blackbird-is-a-wise-investment-save-and-earn-smartly","/blogs/the-roll-your-own-papers-blog"
"/blogs/the-roll-your-own-papers-blog/what-operators-want-next-rollpros-blackbird-feature-predictions","/blogs/the-roll-your-own-papers-blog"
"/blogs/the-roll-your-own-papers-blog/the-end-of-hand-rolling-how-the-rollpros-blackbird-is-reshaping-2025-manufacturing","/blogs/the-roll-your-own-papers-blog"
"/blogs/the-roll-your-own-papers-blog/why-ai-automation-will-change-the-future-of-rollpros-blackbird-operations","/blogs/the-roll-your-own-papers-blog"
"/blogs/the-roll-your-own-papers-blog/how-to-build-a-seven-figure-pre-roll-line-around-the-rollpros-blackbird","/blogs/the-roll-your-own-papers-blog"
"/blogs/the-roll-your-own-papers-blog/boosting-quality-with-the-right-rollpros-blackbird-consumables","/blogs/the-roll-your-own-papers-blog"
"/blogs/the-roll-your-own-papers-blog/the-future-of-rollpros-blackbird-consumables-trends-to-watch-in-2025","/blogs/the-roll-your-own-papers-blog"
"/blogs/the-roll-your-own-papers-blog/the-complete-guide-to-automated-pre-roll-joint-rolling-machine-consumables-rollpros-blackbird-compatible","/blogs/the-roll-your-own-papers-blog"
"/blogs/the-roll-your-own-papers-blog/zero-waste-production-how-to-recycle-trim-amp-dust-from-the-rollpros-blackbird","/blogs/the-roll-your-own-papers-blog"
"/blogs/the-roll-your-own-papers-blog/how-to-choose-the-right-rolling-paper-bobbins-filter-tips-and-glass-tips-for-automated-pre-roll-joint-rolling-machines-like-rollpros-blackbird","/blogs/the-roll-your-own-papers-blog"
"/blogs/the-roll-your-own-papers-blog/scaling-from-10-000-100-000-pre-rolls-per-month-with-the-rollpros-blackbird","/blogs/the-roll-your-own-papers-blog"
"/blogs/the-roll-your-own-papers-blog/rollpros-blackbird-compatible-consumables-guide","/blogs/the-roll-your-own-papers-blog"
"/blogs/the-roll-your-own-papers-blog/custom-matchboxes-business","/blogs/the-roll-your-own-papers-blog"
"/blogs/the-roll-your-own-papers-blog/wholesale-custom-matchboxes","/blogs/the-roll-your-own-papers-blog"
"/blogs/the-roll-your-own-papers-blog/automated-pre-roll-machine-consumables-guide","/blogs/the-roll-your-own-papers-blog"
"/blogs/the-roll-your-own-papers-blog/automated-pre-roll-machine-consumables-rollpros-blackbird-compatible","/blogs/the-roll-your-own-papers-blog"
"/blogs/the-roll-your-own-papers-blog/rollpros-blackbird-guide-tips-and-tricks","/blogs/the-roll-your-own-papers-blog"
"/blogs/the-roll-your-own-papers-blog/rollpros-blackbird-automated-pre-roll-machine-guide","/blogs/the-roll-your-own-papers-blog"
"/blogs/the-roll-your-own-papers-blog/custom-rolling-paper-bobbins-automated-pre-roll-machines","/blogs/the-roll-your-own-papers-blog"
"/blogs/the-roll-your-own-papers-blog/how-much-is-a-bag-of-weed-your-complete-price-guide-2025","/blogs/the-roll-your-own-papers-blog"
"/blogs/the-roll-your-own-papers-blog/how-by-yourown-papers-7-genius-hacks","/blogs/the-roll-your-own-papers-blog"
"/blogs/the-roll-your-own-papers-blog/how-fix-a-broken-cigarette-without-rolling-paper-7-genius-hacks","/blogs/the-roll-your-own-papers-blog"
